{
  "hyperparameters": {
    "gamma": 0.9,
    "n_episodes": 3000,
    "n_seeds": 5,
    "snapshot_every": 50,
    "max_steps": 200
  },
  "v_star_start": 0.6561000000000001,
  "alpha_results": {
    "\u03b1=const(0.5)": {
      "final_mean": 0.5265,
      "final_std": 0.0
    },
    "\u03b1=const(0.1)": {
      "final_mean": 0.5264999999999986,
      "final_std": 0.0
    },
    "\u03b1=1/n": {
      "final_mean": 0.5237661601806888,
      "final_std": 0.0011695220264280777
    },
    "\u03b1=1/n^0.75": {
      "final_mean": 0.5264999998721777,
      "final_std": 9.339869231055474e-11
    }
  },
  "eps_results": {
    "\u03b5=const(0.3)": {
      "final_mean": 0.5264999999999986,
      "final_std": 0.0
    },
    "\u03b5=const(0.05)": {
      "final_mean": 0.5264999999999986,
      "final_std": 0.0
    },
    "\u03b5=decay(0.5\u21920.01,T=1500)": {
      "final_mean": 0.5264999999999986,
      "final_std": 0.0
    },
    "uniform behaviour": {
      "final_mean": 0.6560999999999979,
      "final_std": 0.0
    }
  }
}