{
  "example1_two_path_mdp": {
    "near_reward": 0.4,
    "far_reward": 1.0,
    "finite_v0_by_T": {
      "1": 0.4,
      "2": 0.4,
      "3": 0.4,
      "4": 1.0,
      "5": 1.0,
      "6": 1.0,
      "7": 1.0,
      "8": 1.0
    },
    "discounted_v0_by_gamma": {
      "0.3": 0.4,
      "0.6": 0.4,
      "0.9": 0.7290000000000001
    }
  },
  "example2_submission_grid": {
    "gamma": 0.9,
    "finite_v0_start_by_T": {
      "1": 0.0,
      "2": 0.0,
      "3": 0.65,
      "4": 0.65,
      "5": 1.0,
      "6": 1.0,
      "7": 1.0,
      "8": 1.0
    },
    "discounted_v0_start": 0.6561000000000001
  }
}