{
  "hyperparameters": {
    "gamma": 0.9,
    "n_episodes": 3000,
    "n_seeds": 5,
    "seeds": [
      0,
      1,
      2,
      3,
      4
    ],
    "snapshot_every": 50,
    "alpha_td_ql": 0.1,
    "epsilon_ql": 0.3,
    "max_steps": 200
  },
  "results": {
    "vi_iters_to_1e6": 6,
    "ipe_iters_to_1e6": 60,
    "mc_final_mean": 0.008872355464840397,
    "mc_final_std": 0.001815133519944218,
    "td_final_mean": 0.11831003021894651,
    "td_final_std": 0.05501146567246342,
    "ql_final_mean": 0.6475903334372036,
    "ql_final_std": 0.1728720445181098
  },
  "n_seeds": 5,
  "seeds": [
    0,
    1,
    2,
    3,
    4
  ]
}