{
  "ql_noise=False": {
    "best_alpha": 0.05,
    "best_epsilon": 0.05,
    "best_mean_return": 0.5162445609750002,
    "best_std_return": 0.002935466786936251
  },
  "dql_noise=False": {
    "best_alpha": 0.05,
    "best_epsilon": 0.05,
    "best_mean_return": 0.5157865059750001,
    "best_std_return": 0.002048940345579464
  },
  "ql_noise=True": {
    "best_alpha": 0.3,
    "best_epsilon": 0.05,
    "best_mean_return": 0.5852124746866032,
    "best_std_return": 0.04662426375377505
  },
  "dql_noise=True": {
    "best_alpha": 0.1,
    "best_epsilon": 0.1,
    "best_mean_return": 0.5314096133306124,
    "best_std_return": 0.028554222148982716
  },
  "hyperparameters": {
    "gamma": 0.9,
    "n_seeds": 3,
    "n_episodes": 2000,
    "max_steps": 200,
    "last_n_for_metric": 200,
    "alpha_grid": [
      0.05,
      0.1,
      0.3,
      0.5
    ],
    "epsilon_grid": [
      0.05,
      0.1,
      0.2,
      0.3
    ]
  }
}